sifts_entity_id,pdb_chain_internal,pdb_resnum,pdb_resname,uniprot_accession,uniprot_resnum,uniprot_resname,pdb_chain_author
B,B,92,TYR,A0A0B8RVL1,92,Y,B
B,B,95,LYS,A0A0B8RVL1,95,K,B
B,B,97,THR,A0A0B8RVL1,97,T,B
B,B,103,GLY,A0A0B8RVL1,103,G,B
B,B,105,PRO,A0A0B8RVL1,105,P,B
B,B,106,SER,A0A0B8RVL1,106,S,B
B,B,107,PRO,A0A0B8RVL1,107,P,B
B,B,109,MET,A0A0B8RVL1,109,M,B
B,B,145,GLN,A0A0B8RVL1,145,Q,B
B,B,146,LYS,A0A0B8RVL1,146,K,B
B,B,173,GLU,A0A0B8RVL1,173,E,B
B,B,174,LEU,A0A0B8RVL1,174,L,B
L,L,21,GLU,A0A4X1TRS6,21,E,L
L,L,36,CYS,A0A4X1TRS6,36,C,L
L,L,37,ARG,A0A4X1TRS6,37,R,L
L,L,38,GLU,A0A4X1TRS6,38,E,L
L,L,39,CYS,A0A4X1TRS6,39,C,L
L,L,40,GLY,A0A4X1TRS6,40,G,L
Q,b,115,THR,P08621,115,T,b
Q,b,118,LYS,P08621,118,K,b
Q,b,121,ARG,P08621,121,R,b
Q,b,122,GLU,P08621,122,E,b
Q,b,124,GLU,P08621,124,E,b
Q,b,125,VAL,P08621,125,V,b
Q,b,126,TYR,P08621,126,Y,b
Q,b,153,HIS,P08621,153,H,b
Q,b,155,ARG,P08621,155,R,b
Q,b,156,ASP,P08621,156,D,b
Q,b,163,HIS,P08621,163,H,b
Q,b,167,LYS,P08621,167,K,b
Q,b,168,LYS,P08621,168,K,b
Q,b,170,ASP,P08621,170,D,b
Q,b,171,GLY,P08621,171,G,b
