pdb_chain_author,pdb_resnum,pdb_resname,sifts_entity_id,pdb_chain_internal,deposited_species,deposited_uniprot_accession,uniprot_resnum,uniprot_resname,target_human_gene,target_human_uniprot,human_uniprot_resnum,human_uniprot_resname
B,92,TYR,B,B,Sus scrofa,A0A0B8RVL1,92,Y,POLR2B,P30876,92,Y
B,95,LYS,B,B,Sus scrofa,A0A0B8RVL1,95,K,POLR2B,P30876,95,K
B,97,THR,B,B,Sus scrofa,A0A0B8RVL1,97,T,POLR2B,P30876,97,T
B,103,GLY,B,B,Sus scrofa,A0A0B8RVL1,103,G,POLR2B,P30876,103,G
B,105,PRO,B,B,Sus scrofa,A0A0B8RVL1,105,P,POLR2B,P30876,105,P
B,106,SER,B,B,Sus scrofa,A0A0B8RVL1,106,S,POLR2B,P30876,106,S
B,107,PRO,B,B,Sus scrofa,A0A0B8RVL1,107,P,POLR2B,P30876,107,P
B,109,MET,B,B,Sus scrofa,A0A0B8RVL1,109,M,POLR2B,P30876,109,M
B,145,GLN,B,B,Sus scrofa,A0A0B8RVL1,145,Q,POLR2B,P30876,145,Q
B,146,LYS,B,B,Sus scrofa,A0A0B8RVL1,146,K,POLR2B,P30876,146,K
B,173,GLU,B,B,Sus scrofa,A0A0B8RVL1,173,E,POLR2B,P30876,173,E
B,174,LEU,B,B,Sus scrofa,A0A0B8RVL1,174,L,POLR2B,P30876,174,L
L,21,GLU,L,L,Sus scrofa,A0A4X1TRS6,21,E,POLR2K,P53803,21,E
L,36,CYS,L,L,Sus scrofa,A0A4X1TRS6,36,C,POLR2K,P53803,36,C
L,37,ARG,L,L,Sus scrofa,A0A4X1TRS6,37,R,POLR2K,P53803,37,R
L,38,GLU,L,L,Sus scrofa,A0A4X1TRS6,38,E,POLR2K,P53803,38,E
L,39,CYS,L,L,Sus scrofa,A0A4X1TRS6,39,C,POLR2K,P53803,39,C
L,40,GLY,L,L,Sus scrofa,A0A4X1TRS6,40,G,POLR2K,P53803,40,G
b,115,THR,Q,b,Homo sapiens,P08621,115,T,SNRNP70,P08621,115,T
b,118,LYS,Q,b,Homo sapiens,P08621,118,K,SNRNP70,P08621,118,K
b,121,ARG,Q,b,Homo sapiens,P08621,121,R,SNRNP70,P08621,121,R
b,122,GLU,Q,b,Homo sapiens,P08621,122,E,SNRNP70,P08621,122,E
b,124,GLU,Q,b,Homo sapiens,P08621,124,E,SNRNP70,P08621,124,E
b,125,VAL,Q,b,Homo sapiens,P08621,125,V,SNRNP70,P08621,125,V
b,126,TYR,Q,b,Homo sapiens,P08621,126,Y,SNRNP70,P08621,126,Y
b,153,HIS,Q,b,Homo sapiens,P08621,153,H,SNRNP70,P08621,153,H
b,155,ARG,Q,b,Homo sapiens,P08621,155,R,SNRNP70,P08621,155,R
b,156,ASP,Q,b,Homo sapiens,P08621,156,D,SNRNP70,P08621,156,D
b,163,HIS,Q,b,Homo sapiens,P08621,163,H,SNRNP70,P08621,163,H
b,167,LYS,Q,b,Homo sapiens,P08621,167,K,SNRNP70,P08621,167,K
b,168,LYS,Q,b,Homo sapiens,P08621,168,K,SNRNP70,P08621,168,K
b,170,ASP,Q,b,Homo sapiens,P08621,170,D,SNRNP70,P08621,170,D
b,171,GLY,Q,b,Homo sapiens,P08621,171,G,SNRNP70,P08621,171,G
