chain_pol2,resnum_pol2,resname_pol2,chain_u1,resnum_u1,resname_u1,min_atom_distance
B,92,TYR,b,153,HIS,3.738
B,95,LYS,b,124,GLU,3.815
B,97,THR,b,125,VAL,3.41
B,103,GLY,b,163,HIS,4.309
B,105,PRO,b,125,VAL,3.447
B,105,PRO,b,126,TYR,3.631
B,105,PRO,b,163,HIS,3.496
B,105,PRO,b,167,LYS,3.33
B,106,SER,b,125,VAL,3.859
B,106,SER,b,167,LYS,3.636
B,107,PRO,b,121,ARG,3.363
B,107,PRO,b,122,GLU,3.344
B,107,PRO,b,125,VAL,3.456
B,109,MET,b,121,ARG,3.325
B,145,GLN,b,155,ARG,3.866
B,146,LYS,b,153,HIS,2.95
B,146,LYS,b,155,ARG,4.064
B,146,LYS,b,156,ASP,3.117
B,173,GLU,b,115,THR,4.424
B,174,LEU,b,121,ARG,3.401
L,21,GLU,b,118,LYS,3.456
L,21,GLU,b,170,ASP,4.093
L,36,CYS,b,168,LYS,4.02
L,37,ARG,b,168,LYS,2.767
L,38,GLU,b,168,LYS,2.914
L,38,GLU,b,171,GLY,2.863
L,39,CYS,b,168,LYS,3.3
L,39,CYS,b,171,GLY,3.842
L,40,GLY,b,168,LYS,3.996
